newid,id_original,date,comment,actual_song,actual_singer,song,singer,album,lyric,matching_fragments,cite_type,title,note,id_0123,fragment_number,lyric_number,matchlyric_number,,
0811,3260,2015-12-30,2751,人嫁,戴荃,人嫁,戴荃,人嫁-先行版,你嫁或不嫁， 先要爱人家； 长厅一扇门， 秋风送戎甲。 你嫁或不嫁， 总在琉璃下； 远房一朵香， 春风渡我家。 嗯，你嫁；嗯，你不嫁。 此时不应说情话， 送篦梳，扶上马； 再唱一句青丝崖， 刹那怜，抚摸它。 （念白：摘自《江城子》） 夜来幽梦忽还乡，小轩窗，正梳妆； 纵使相逢应不识，尘满面，鬓如霜。 嗯，你嫁；嗯，你不嫁。 此时不应说情话， 送篦梳，扶上马； 再唱一句青丝崖， 刹那怜，抚摸它。 抚摸它，泪雨下， 抚摸它，没说话。 你嫁或不嫁， 先要爱人家； 长厅一扇门， 秋风送戎甲。 你嫁或不嫁， 总在琉璃下； 远房一朵香， 春风渡我家。,"夜来幽梦忽还乡小轩窗正梳妆, 纵使相逢应不识尘满面鬓如霜",2,0,,756,26,184,26,,
0814,3264,2017-10-26,1754,秋风词,戴荃,秋风词,戴荃,秋风词,秋风词 作词：耕耕 作曲：Xun易硕成 演唱：司南 编曲：王柏鸿 出品：网易飓风x星和森林 观山河斟晚秋 叹世道风流 千里雪倚云楼 残月如钩 烟雨一蓑锦绣 在烟花巷口 惟红豆痴守 烛火晕染渡口 定风里折柳 剪孤影寒意透 恨无来由 苍茫故地重游 断崖暖雁北走 哀思上心头 若海阔任君漂流我为谁等候 良人走失西风口云游天尽头 江月平生几多愁换我几杯酒 恩怨情仇唯剩思念更轻柔 当楼空君未回眸我为谁等候 旧光景恍然如昨暮年春已锈 阑珊下的灯火瘦映白谁的头 欲说还休 烛火晕染渡口 定风里折柳 剪孤影寒意透 恨无来由 苍茫故地重游 断崖暖雁北走 哀思上心头 若海阔任君漂流我为谁等候 良人走失西风口云游天尽头 江月平生几多愁换我几杯酒 恩怨情仇唯剩思念更轻柔 当楼空君未回眸我为谁等候 旧光景恍然如昨暮年春已锈 阑珊下的灯火瘦映白谁的头 欲说还休 阑珊下的灯火瘦映白谁的头 欲说还休 制作人：Xun易硕成 吉他：TommyWu 二胡：二胡妹 和声编写：皎月/Xun易硕成 和声：皎月 混音工程师：何世渝 混音工作室：HiMusicStudio 母带后期处理工程师：何世渝 母带后期处理录音室：HiMusicStudio 统筹企划：罗子欢/林希贤 监制：莫凝 音乐营销：网易飓风 业务联系： 版权合作：jf399@vip.163.com 歌手合作：wysy399@163.com,"秋风清秋月明落叶聚还散寒鸦栖复惊相思相见知何日此时此夜难为情入我相思门知我相思苦长相思兮长相忆短相思兮无穷极, 无穷极早知如此绊人心何如当初莫相识, 相思相见知何日此时此夜难为情入我相思门知我相思苦长相思兮长相忆短相思兮无穷极, 无穷极早知如此绊人心何如当初莫相识",2,0,,759,68,134,126,,
0384,1892,2018-11-20,1496,嫦娥,戴荃,嫦娥,戴荃,不完荃, 编曲：戴荃  听说下一次是2034年 到了那天我在哪边 举头望明月回头看看人间 迎着它的光慢慢升天 超级月亮嫦娥在上 在下冒昧吐我心肠 可否与你落英成双 愿付一生为你梳妆 过了春和夏只等秋天 超级月亮到人间 看得越久仿佛就在眼前 飘飘欲仙身轻如燕 月下嫦娥孤芳自赏 恕我冒昧癫癫苦想 赐我与你举杯共享 你若沉默我会心伤 你若不说我也知道 你寂寞你有点儿冷漠 我知道你寂寞惆怅有几多 你也曾困惑你也曾执着 你也曾爱过我也曾想过  你不是冷漠你只是寂寞 我不会让你一个人难过 我知道总有一天你也会爱我 温柔地牵手在云里穿梭 天上嫦娥地上的我 月亮再圆你会爱我 两两相望念念不忘 2034，我们再见 地球的伙伴，人间的朋友 2034我们再见 月亮再圆我们再见 许个心愿再见  制作人：戴荃 吉他：戴荃 古筝：温济饶 和音：戴荃/俞安娜 录音：戴荃/葛乐铭 录音/混音室：孙丁仰沁工作室 弦乐团：刘星弦乐团 弦乐录音：莫家伟 混音：戴荃 母带：JayFranco（美）,举头望明月,2,0,,356,5,279,5,,
0809,3258,2017-01-14,320,醉酒癫歌（酒神曲-醉拳）-东南卫视天籁之声第二期,戴荃,醉酒癫歌-东南卫视天籁之声第二期,戴荃,戴荃的改编,九月九酿新酒 好酒出在咱的手(好酒) 九月九酿新酒 好酒出在咱的手(好酒) 九月九酿新酒、好酒 九月九酿新酒、好酒 九月九酿新酒、好酒哎 喝了咱的酒 上下通气不咳嗽 喝了咱的酒 滋阴壮阳嘴不臭 喝了咱的酒 一人敢走青刹口 喝了咱的酒 见了皇帝不磕头 一四七、三六九、九九归一跟我走 好酒好酒好酒 我颠颠又倒倒好比浪涛 我颠颠又倒倒好比浪涛 有万种的委屈我付之一笑 我一下低我一下高 摇摇晃晃不肯倒 酒里乾坤我最知道 莫说狂狂人心存厚道 莫笑痴因痴心难找 莫怕醉醉过海阔天高 且狂且痴且醉趁年少 颠颠颠颠颠颠倒倒酒里乾坤我最知道 醉醉醉且醉醉醉且狂且痴趁年少 对酒当歌把酒问青天摇摇晃晃我不肯倒 颠颠倒倒倒倒颠颠 是好酒，跟我走！ 喝了咱的酒 上下通气不咳嗽 喝了咱的酒 滋阴壮阳嘴不臭 喝了咱的酒 一人敢走青刹口 喝了咱的酒 见了皇帝不磕头 一四七、三六九、九九归一跟我走 一四七、三六九、九九归一跟我走 好酒好酒好酒好酒好酒好酒 好酒！,把酒问青天,3,0,,754,5,360,5,,
0810,3259,2018-11-20,292,晚歌,戴荃,晚歌,戴荃,不完荃,她跟我说心似两关隔 一个人就一首歌 故意忘掉一切的忧伤 蓦然来时往去无半合  看不穿纷飞的舞扇 袅袅婷婷掉落一身的斑斓 木郎山下依稀看到手牵着手 仿佛踏上幸福船 而草木花河依旧没誓言  日落三更她将离开我 弹一曲又伤心窝 闭上双眼又看一遍 莫与君说沧海有情过  风不起长发不温柔 丝丝浓浓刺入我心口 一世情话说到天涯别时又难 几回盼顾依窗候 看叶落风停我又上西楼  念白【唐】白居易： 在天愿作比翼鸟在地愿为连理枝 天长地久有时尽此恨绵绵无绝期  看不穿纷飞的舞扇 袅袅婷婷掉落一身的斑斓 木郎山下依稀看到手牵着手 仿佛踏上幸福船 而草木花河依旧没誓言 草木花河依旧没誓言  她跟我说 她将离开我 一首歌唱到日没,在天愿作比翼鸟在地愿为连理枝天长地久有时尽此恨绵绵无绝期,2,0,,755,28,262,28,,
0005,11,2010-05-10,12520,但愿人长久,邓丽君,但愿人长久,邓丽君,但愿人长久 15周年纪念集,明月几时有 把酒问青天 不知天上宫阙 今夕是何年 我欲乘风归去 唯恐琼楼玉宇 高处不胜寒 起舞弄清影 何似在人间  转朱阁 低绮户 照无眠 不应有恨 何事长向别时圆 人有悲欢离合 月有阴晴圆缺 此事古难全 但愿人长久 千里共婵娟   转朱阁 低绮户 照无眠 不应有恨 何事长向别时圆别时圆 人有悲欢离合 月有阴晴圆缺 此事古难全 但愿人长久 千里共婵娟,"明月几时有把酒问青天不知天上宫阙今, 是何年我欲乘风归去又恐琼楼玉宇高处不胜寒起舞弄清影何似在人间, 转朱阁低绮户照无眠不应有恨何事长向别时圆人有悲欢离合月有阴晴圆缺此事古难全, 千里共婵娟",1,1,全首都是古诗词,5,94,116,99,,
0011,19,2001-05-31,1506,人面桃花,邓丽君,人面桃花,邓丽君,人面桃花,去年今日此门中 人面桃花相映红 人面是对人常带三分笑 桃花也盈盈含笑舞春风 烽火忽然连天起 无端惊破鸳鸯梦 一霎时流亡载道庐舍空 不见了卖酒人家旧芳容 一处一处问行踪 指望着劫后重相逢 谁知道人面飘泊何处去 只有那桃花依旧笑春风  烽火忽然连天起 无端惊破鸳鸯梦 一霎时流亡载道庐舍空 不见了卖酒人家旧芳容 一处一处问行踪 指望着劫后重相逢 谁知道人面飘泊何处去 只有那桃花依旧笑春风,"去年今日此门中人面, 桃花依旧笑春风",1,1,,11,23,172,30,,
0006,12,1983-02-02,1293,思君,邓丽君,思君,邓丽君,淡淡幽情,我住长江头 君住长江尾  日日思君不见君 共饮长江水  我住长江头  君住长江尾  日日思君不见君 共饮长江水  此水几时休呀 此恨何时已 只愿君心似我心 定不负相思意 此水几时休呀 此恨何时已 只愿君心似我心 定不负相思意  此水几时休呀 此恨何时已 只愿君心似我心 定不负相思意  此水几时休呀 此恨何时已 只愿君心似我心 定不负相思意  此水几时休呀 此恨何时已 只愿君心似我心 定不负相思意,"我住长江头君住长江尾, 共饮长江水此水几时休, 此恨何时已只愿君心似我心定不负相思意",1,0,,6,45,181,159,,
0007,13,1983-02-02,335,相看泪眼,邓丽君,相看泪眼,邓丽君,淡淡幽情,寒蝉凄切 对长亭晚 骤雨初歇 都门长饮无绪 留恋处 兰舟催发 执手相看泪眼 竟无语凝噎 念去去 千里烟波 暮霭沉沉楚天阔 多情自古伤离别 更那堪 冷落清秋节 啊今宵酒醒何处 杨柳岸 晓风残月 此去经年 应是良辰 好景虚设 便纵有 千种风情 更与何人说 多情自古伤离别 更那堪 冷落清秋节 啊今宵酒醒何处 杨柳岸 晓风残月 此去经年 应是良辰 好景虚设 便纵有 千种风情 更与何人说,"寒蝉凄切对长亭晚骤雨初歇都门, 饮无绪留恋处兰舟催发, 竟无语凝噎念去去千里烟波暮霭, 楚天阔多情自古伤离别更那堪冷落清秋节, 今宵酒醒何处杨柳岸晓风残月此去经年应是良辰好景虚设便纵有千种风情更与何人说",1,1,,7,104,173,151,,
0008,14,1983-02-02,300,欲说还休,邓丽君,欲说还休,邓丽君,淡淡幽情,少年不识愁滋味， 爱上层楼。 爱上层楼， 为赋新词强说愁。  而今识尽愁滋味， 欲说还休。 欲说还休， 却道天凉好个秋。 少年不识愁滋味， 爱上层楼。 爱上层楼， 为赋新词强说愁。  而今识尽愁滋味， 欲说还休。 欲说还休， 却道天凉好个秋。,"少年不识愁滋味爱上层楼爱上层楼为赋新词强说愁而今识尽愁滋味, 却道天凉好个秋",1,1,,8,44,88,88,,
0010,18,1983-02-02,263,万叶千声,邓丽君,万叶千声,邓丽君,淡淡幽情,别后不知君远近 触目凄凉多少闷 渐行渐远渐无书 水阔鱼沉何处问 夜深风竹敲秋韵 万叶千声皆是恨 故欹单枕梦中寻 梦又不成灯又烬 别后不知君远近 触目凄凉多少闷 渐行渐远渐无书 水阔鱼沉何处问 夜深风竹敲秋韵 万叶千声皆是恨 故欹单枕梦中寻 梦又不成灯又烬,"别后不知君远近触目凄凉多少闷渐行渐远渐无书水阔鱼沉何处问夜深风竹敲, 故欹单枕梦中寻梦又不成灯又烬",1,0,,10,55,76,55,,
0009,17,1983-02-02,199,有谁知我此时情,邓丽君,有谁知我此时情,邓丽君,淡淡幽情,玉惨花愁出凤城 莲花楼下柳青青 尊前一唱阳关曲 别个人人第五程 …… 寻好梦梦难成 有谁知我此时情 枕前泪共阶前雨 隔个窗儿滴到明 寻好梦梦难成 有谁知我此时情 枕前泪共阶前雨 隔个窗儿滴到明,"玉惨花愁出凤城莲花楼下柳青青尊前一唱阳关曲别个人人第五程寻好梦梦难成, 枕前泪共阶前雨",1,0,,9,60,82,82,,
0395,1990,1979-10-15,83,梦向何处寻,邓丽君,梦向何处寻,邓丽君,甜蜜蜜,阳光照树梢 春来花正好  我歌我徘徊  处处闻啼鸟 昨夜梦魂飞 心事知多少 梦向何处寻  处处闻啼鸟  阳光照树梢 春来花正好 我歌我徘徊  处处闻啼鸟  昨夜梦魂飞 心事知多少 梦向何处寻 处处闻啼鸟,"处处闻啼鸟, 处处闻啼鸟, 处处闻啼鸟",3,0,,368,5,76,15,,
0189,2137,2011-04-25,2170,唱一遍一遍,费玉清,唱一遍一遍,费玉清,唱一遍一遍,music..... 青山雨绵绵雨过彩虹白云间 漫天的落花迷离谁的眼眸间 仰头望青天把酒当歌对笑颜 只羡鸳鸯不羡仙  荷塘风拂面花儿婆娑叶儿圆 知己伴身边此情永刻在心田 谁附在耳边倾吐不尽的誓言 相约对月无眠舞翩翩  唱一遍一遍任谁都听得见 我闭上眼许下心愿 停住这时间只留互诉的思念 见证夜夜花好月圆  唱一遍一遍梦中有的画面 不知是谁害羞的脸 有时雨点点丝丝缠绵的眷恋 如诗如画的天上人间,鸳鸯不羡仙,3,0,,406,5,167,5,,
0440,2151,2005-02-01,119,天上人间,费玉清,天上人间,费玉清,风华再现,树上小鸟啼 江畔帆影移 片片云霞 停留在天空间 阵阵煦风轻轻吹过 稻如波涛柳如线 摇东倒西 吓得麻雀儿也不敢往下飞 美景如画映眼前 这里是天上人间 青蛙鸣草地 溪水清见底 双双蝴蝶 飞舞在花丛里 处处花开朵朵花香 兰如白雪桃如胭 你娇我艳 羞得金鱼儿也不敢出水面 万紫千红映眼前 这里是天上人间  你娇我艳 羞得金鱼儿也不敢出水面 万紫千红映眼前 这里是天上人间 ---紫苏---,"面万紫千红, 面万紫千红",3,0,,411,5,157,10,,
0441,2153,1997-12-01,99,四季,费玉清,四季,费玉清,四季,我记起那年春天 得我一个不知的欺骗 如天空的污染终于都上演 我记起那年暑天 友情爱情两边都发现亏欠 情路上跌损 最后已事过境迁长街风景已变 再度回想谁的脸往日那位少年 又再路过事发景点痛伤少不免 仍是会流泪失眠 尚记得当天贯心的一箭 我记起那年秋天 飞过一只心酸小孤燕 半枯干的枝节于窗边发颤 我记起那年的冬天 半朦半胧困于茧里面 兜转缘份未看穿 最后已事过境迁长街风景已变 再度回想谁的脸往日那位少年 又再路过事发景点痛伤少不免 仍是会流泪失眠 泪染穿心穿肺那一点 季度里事过境迁蝴蝶终于蜕变 再没留恋谁的脸往日两位少年 就算让世事再翻演会否不改变 仍是会离别纠缠 拔去穿心一箭感恩不怨 我感激这年春天 花再开遍祝福相献 待那丘彼特放出新一箭,白了少年头,3,0,,412,5,190,5,,
0439,2149,2013-04-26,87,想要和你飞(原版),费玉清,想要和你飞,费玉清,只想听见费玉清,凤飞飞 想要跟你飞 半边月你的脸我渡过故事的圆缺 点点的泪像星晨挂黑夜倒映在回忆里的画面 人分别心跟随我拥抱这份缘的深浅 回首看见生命的不完美对你的感谢未曾停歇 你那里需不需要有人陪你收不收得到我的思念 (台)想要跟你飞不免搁再找 陪在你身边我什么都不缺 你那里有没有人能聊天我想要爱你疼你像从前 (台)想要跟你飞 天涯海角多远我都不累牵你的手岁岁年年 人分别心跟随我拥抱这份缘的深浅 回首看见生命的不完美对你的感谢未曾停歇 你那里需不需要有人陪你收不收得到我的思念 (台)想要跟你飞不免搁再找 陪在你身边我什么都不缺 你那里有没有人能聊天我想要爱你疼你像从前 (台)想要跟你飞 天涯海角多远我都不累牵你的手岁岁年年 时间是爱的延长线交错着岁月无数离合悲欢 爱让我看透考验后才能拥有幸福的梦 我有没有在你的梦里面我心里空虚看不看得见 (台)想要跟你飞想要抱甲紧紧听你讲话 亲像过去无改变亲像过去无改变,岁岁年年人,3,0,,410,5,366,5,,
0146,464,1994-08-18,82,新鸳鸯蝴蝶梦,费玉清,新鸳鸯蝴蝶梦,费玉清,晚安曲,昨日像那东流水 离我远去不可留 今日乱我心 多烦忧 抽刀断水水更流 举杯浇愁愁更愁 明朝清风四飘流 由来只为新人笑 有谁听到旧人哭 爱情两个字 好辛苦 是要问一个明白 还是要装作糊涂 知多知少难知足 看似个鸳鸯蝴蝶 不应该的年代 可是谁又 能摆脱人世间的悲哀 花花世界 鸳鸯蝴蝶 在人间已是癫 何苦要上青天 不如温柔同眠  昨日像那东流水 离我远去不可留 今日乱我心 多烦忧 抽刀断水水更流 举杯浇愁愁更愁 明朝清风四飘流 由来只为新人笑 有谁听到旧人哭 爱情两个字 好辛苦 是要问一个明白 还是要装作糊涂 知多知少难知足 看似个鸳鸯蝴蝶 不应该的年代 可是谁又能摆脱 人世间的悲哀 花花世界 鸳鸯蝴蝶 在人间已是癫 何苦要上青天 不如温柔同眠 看似个鸳鸯蝴蝶 不应该的年代 可是谁又能摆脱 人世间的悲哀 花花世界 鸳鸯蝴蝶 在人间已是癫 何苦要上青天 不如温柔同眠,抽刀断水水更流举杯,2,0,,135,9,328,18,,
0966,3635,2010-09-30,2326,最炫民族风,凤凰传奇,最炫民族风,晓敏,我从草原来 新歌+精选,女：苍茫的天涯是我的爱 绵绵的青山脚下花正开 什么样的节奏 是最呀最摇摆 什么样的歌声才是最开怀 合：弯弯的河水从天上来 流向那万紫千红一片海 火辣辣的歌谣 是我们的期待 一路边走边唱才是最自在 我们要唱就要唱得最痛快 你是我天边 最美的云彩 让我用心把你留下来 男：留下来 合：悠悠的唱着 最炫的民族风 让爱卷走所有的尘埃 男：我知道 合：你是我心中 最美的云彩 斟满美酒让你留下来 男：留下来 合：永远都唱着 最炫的民族风 是整片天空最美的姿态 男：留下来 合：哟啦啦啦呵啦呗 伊啦嗦啦呵啦呗啦 我听见你心中动人的天籁 登上天外云霄的舞台 女：苍茫的天涯是我的爱 绵绵的青山脚下花正开 什么样的节奏是最呀最摇摆 什么样的歌声才是最开怀 合：弯弯的河水从天上来 流向那万紫千红一片海 火辣辣的歌谣 是我们的期待 一路边走边唱才是最自在 我们要唱就要唱得最痛快 你是我天边 最美的云彩 让我用心把你留下来 男：留下来 合：悠悠的唱着 最炫的民族风 让爱卷走所有的尘埃 男：我知道 合：你是我心中 最美的云彩 斟满美酒让你留下来 男：留下来 合：永远都唱着 最炫的民族风 是整片天空最美的姿态 你是我天边 最美的云彩 让我用心把你留下来 男：留下来 合：悠悠的唱着 最炫的民族风 让爱卷走所有的尘埃 男：我知道 合：你是我心中 最美的云彩 斟满美酒让你留下来 男：留下来 合：永远都唱着 最炫的民族风 是整片天空最美的姿态 男：我听见你心中那 动人的天籁 就忽如一夜春风袭来 满面桃花开 我忍不住去采 我忍不住去摘 我敞开胸怀为你等待 女：你是我天边 最美的云彩 让我用心把你留下来 合：悠悠的唱着 最炫的民族风 让爱卷走所有的尘埃 男：我知道 合：你是我心中 最美的云彩 斟满美酒让你留下来 男：留下来 合：永远都唱着 最炫的民族风 是整片天空最美的姿态,忽如一夜春风,3,0,,907,6,589,6,,
0246,1000,2013-07-19,1966,飞天,凤凰传奇,飞天,凤凰传奇,含笑 同名专辑,如果沧海枯了，还有一滴泪 那也是为你空等的一千个轮回 蓦然回首中斩不断的牵牵绊绊 你所有的骄傲只能在画里飞 大漠的落日下那吹萧的人是谁 任岁月剥去红装无奈伤痕累累 荒凉的古堡中谁在反弹着琵琶 只等我来去匆匆今生的相会 烟花烟花漫天飞你为谁妩媚 不过是醉眼看花花也醉 流沙流沙漫天飞谁为你憔悴 不过是缘来缘散缘如水 烟花烟花漫天飞你为谁妩媚 不过是醉眼看花花也醉 流沙流沙漫天飞谁为你憔悴 不过是缘来缘散缘如水  大漠的落日下那吹萧的人是谁 任岁月剥去红装无奈伤痕累累 荒凉的古堡中谁在反弹着琵琶 只等我来去匆匆今生的相会 烟花烟花漫天飞你为谁妩媚 不过是醉眼看花花也醉 流沙流沙漫天飞谁为你憔悴 不过是缘来缘散缘如水 烟花烟花漫天飞你为谁妩媚 不过是醉眼看花花也醉 流沙流沙漫天飞谁为你憔悴 不过是缘来缘散缘如水 烟花烟花漫天飞你为谁妩媚 不过是醉眼看花花也醉 流沙流沙漫天飞谁为你憔悴 不过是缘来缘散缘如水,"天涯沦落人, 相望不相闻, 相望不相闻",3,0,,226,10,234,15,,
0196,649,2011-08-17,1547,我们的歌谣,凤凰传奇,我们的歌谣,凤凰传奇,大声唱,走过一条寂寞的街角 期盼一张熟悉的微笑 一首老情歌听湿了眼睛 继续爱下去我会怎样 如果不能完全的遗忘 时间是否真能够疗伤 面对这一身累积的痴狂 托付给谁有没有罪 回忆再美好也只是曾经 守护是我们彼此的约定 风轻轻的吹我们的歌谣 是谁唱着哄你入睡 你是我眼中抹不掉的泪 为什么最后才想起后悔 喊你的名字渐远的背影 你走进梦的天际永不回 我的爱就像风沙吹 飞进眼里汇成了泪 还要轻轻揉到天黑 异乡清宵寒夜梦回 我的爱就像沙中灰 埋葬泪滑落的伤悲 怎么也擦不断心碎 一寸相思一寸香味 如果不能完全的遗忘 时间是否真能够疗伤 面对这一身累积的痴狂 托付给谁有没有罪 回忆再美好也只是曾经 守护是我们彼此的约定 风轻轻的吹我们的歌谣 是谁唱着哄你入睡 你是我眼中抹不掉的泪 为什么最后才想起后悔 喊你的名字渐远的背影 你走进梦的天际永不回 我的爱就像风沙吹 飞进眼里汇成了泪 还要轻轻揉到天黑  异乡清宵寒夜梦回 我的爱就像沙中灰 埋葬泪滑落的伤悲 怎么也擦不断心碎 一寸相思一寸香味,一寸相思一寸,3,0,,178,12,205,6,,
0188,616,2007-07-01,435,心驰神往,凤凰传奇,心驰神往,凤凰传奇,吉祥如意,天蓝蓝的天风无际无边 遗忘的从前在地平线若隐若现 是什么样的思念卷起千堆雪 心忽然间像要吹散耶 你羞羞的脸 羞红了春天草一样鲜美 花一般艳 撩动心弦 爱是那辽阔的草原 燃烧的火焰 日日夜夜 疯狂的蔓延 有你在的那个远方总让我心驰神往 一路有你的歌唱我就不怕岁月漫长 有你在的那个远方总让我心驰神往 插上云彩的翅膀就能找到梦想天堂 自由飞翔 你羞羞的脸 羞红了春天草一样鲜美 花一般艳 撩动心弦 爱是那辽阔的草原 燃烧的火焰 日日夜夜 疯狂的蔓延 有你在的那个远方总让我心驰神往 一路有你的歌唱我就不怕岁月漫长 有你在的那个远方总让我心驰神往 插上云彩的翅膀就能找到梦想天堂 有你在的那个远方总让我心驰神往 一路有你的歌唱我就不怕岁月漫长 有你在的那个远方总让我心驰神往 插上云彩的翅膀就能找到梦想天堂 自由飞翔,卷起千堆雪,3,0,,172,5,242,5,,
0273,1192,2021-05-08,214,中国喜事,凤凰传奇,中国喜事,凤凰传奇,中国喜事,女：锣鼓敲起来张灯又结彩  喜气洋洋扑面而来 男：四面在摇摆八方乐开怀 龙凤呈祥好戏连台 女：你来我来热热闹闹的精彩  欢天喜地好运来 山河痛快你爱我爱  爱到喜出望外  花儿常开春常在 华夏澎湃  合：嘿恭喜恭喜恭喜恭喜你  人逢喜事精神爽 恭喜恭喜你  嘿恭喜恭喜恭喜恭喜你  春风得意马疾驰 恭喜恭喜你  女：好一个姿态东方的气派  国富民强崭新时代 男：把握好现在明天更豪迈 看我们闪耀世界舞台 女：你来我来热热闹闹的精彩  欢天喜地好运来 山河痛快你爱我爱 爱到喜出望外 花儿常开春常在 华夏澎湃  合：嘿恭喜恭喜恭喜恭喜你  人逢喜事精神爽 恭喜恭喜你  嘿恭喜恭喜恭喜恭喜你  春风得意马疾驰 恭喜恭喜你  男：嘿我祝愿你啊 身体健康万事如意 喜从天降欣喜若狂 喜气盈门好事成双 好人好运金玉满堂 神采飞扬如愿以偿 财源滚滚来福如东海长  合：嘿恭喜恭喜恭喜恭喜你 人逢喜事精神爽 恭喜恭喜你 嘿恭喜恭喜恭喜恭喜你  春风得意马疾驰 恭喜恭喜你  嘿恭喜恭喜恭喜恭喜你 人逢喜事精神爽 恭喜恭喜你  嘿恭喜恭喜恭喜恭喜你  春风得意马疾驰 恭喜恭喜你  恭喜恭喜你,"春风得意马, 春风得意马, 春风得意马, 春风得意马",3,0,现代歌把文言变成现代语,250,5,409,20,,
0927,3544,2009-08-01,1078,春晓,谷建芬,春晓,谷建芬,新学堂歌 古诗词歌曲二十首,春晓（唐）  春眠不觉晓 处处闻啼鸟 夜来风雨声 花落知多少 春眠不觉晓 处处闻啼鸟 夜来风雨声 花落知多少 啦~啦啦 春眠不觉晓 处处闻啼鸟 夜来风雨声 花落知多少  春眠不觉晓 处处闻啼鸟 夜来风雨声 花落知多少 春眠不觉晓 处处闻啼鸟 夜来风雨声 花落知多少 啦~啦~啦~ 春眠不觉晓 处处闻啼鸟 夜来风雨声 花落知多少 夜来风雨声 花落知多少,"春眠不觉晓处处闻啼鸟夜来风雨声花落知多少, 春眠不觉晓处处闻啼鸟夜来风雨声花落知多少, 春眠不觉晓处处闻啼鸟夜来风雨声花落知多少, 春眠不觉晓处处闻啼鸟夜来风雨声花落知多少, 春眠不觉晓处处闻啼鸟夜来风雨声花落知多少, 春眠不觉晓处处闻啼鸟夜来风雨声花落知多少, 夜来风雨声花落知多少",1,1,,870,20,139,130,,
0929,3549,2009-08-01,341,相思,谷建芬,相思,谷建芬,腔.调,红豆生南国 是很遥远的事情 相思算什么 早无人在意 醉卧不夜城 处处霓虹 酒杯中好一片滥滥风情 最肯忘却古人诗 最不屑一顾是相思 守着爱怕人笑 还怕人看清 春又来看红豆开 竟不见有情人去采 烟花拥着风流真情不在 最肯忘却古人诗 最不屑一顾是相思 守着爱怕人笑 还怕人看清 春又来看红豆开 竟不见有情人去采 烟花拥着风流真情不在 最肯忘却古人诗 最不屑一顾是相思 守着爱怕人笑 还怕人看清 春又来看红豆开 竟不见有情人去采 烟花拥着风流真情不在 烟花拥着风流真情不在,"红豆生南国春来发几枝愿君多采撷, 此物最相思, 红豆生南国春来发几枝愿君多采撷, 此物最相思, 生南国春来发几枝愿君, 此物最相思, 红豆生南国春来发几枝愿君多采撷, 此物最相思, 红豆生南国春来发几枝愿君多采撷, 此物最相思, 生南国春来发几枝愿君, 此物最相思, 红豆生南国春来发几枝愿君多采撷, 此物最相思",1,1,,872,20,151,130,,
0926,3543,2009-08-01,336,赋得古原草送别,谷建芬,赋得古原草送别,谷建芬,新学堂歌 古诗词歌曲二十首,赋得古原草送别 作词：白居易 作曲：谷建芬  离离原上草，一岁一枯荣。 野火烧不尽，春风吹又生。 远芳侵古道，晴翠接荒城。 又送王孙去，萋萋满别情。 离离原上草，一岁一枯荣。 野火烧不尽，春风吹又生。 远芳侵古道，晴翠接荒城。 又送王孙去，萋萋满别情。 离离原上草，一岁一枯荣。 野火烧不尽，春风吹又生。 远芳侵古道，晴翠接荒城。 又送王孙去，萋萋满别情。 离离原上草，一岁一枯荣。 野火烧不尽，春风吹又生。 远芳侵古道，晴翠接荒城。 又送王孙去，萋萋满别情。 啦~~~~~~~~~~~~~~~,"离离原上草一岁一枯荣野火烧不尽春风吹又生远芳侵古道晴翠接荒城又送王孙去萋萋满别情, 离离原上草一岁一枯荣野火烧不尽春风吹又生远芳侵古道晴翠接荒城又送王孙去萋萋满别情, 离离原上草一岁一枯荣野火烧不尽春风吹又生远芳侵古道晴翠接荒城又送王孙去萋萋满别情, 离离原上草一岁一枯荣野火烧不尽春风吹又生远芳侵古道晴翠接荒城又送王孙去萋萋满别情",1,0,,869,40,168,160,,
0925,3542,2009-08-01,148,登鹳雀楼,谷建芬,登鹳雀楼,谷建芬,新学堂歌 古诗词歌曲二十首,登鹳雀楼 作词：王之涣 作曲：谷建芬  白日依山尽 黄河入海流 欲穷千里目 更上一层楼 白日依山尽 黄河入海流 欲穷千里目 更上一层楼 白日依山尽 黄河入海流 欲穷千里目 更上一层楼 白日依山尽 黄河入海流 欲穷千里目 更上一层楼 白日依山尽 黄河入海流 欲穷千里目 更上一层楼 欲穷千里目 更上一层楼,"白日依山尽黄河入海流欲穷千里目更上一层楼, 白日依山尽黄河入海流欲穷千里目更上一层楼, 白日依山尽黄河入海流欲穷千里目更上一层楼, 白日依山尽黄河入海流欲穷千里目更上一层楼, 白日依山尽黄河入海流欲穷千里目更上一层楼, 欲穷千里目更上一层楼",1,1,,868,25,114,110,,
0928,3546,2009-08-01,107,清明,谷建芬,清明,谷建芬,新学堂歌 古诗词歌曲二十首,清明 作词：杜牧 作曲：谷建芬  清明时节雨纷纷， 路上行人欲断魂。 借问酒家何处有， 牧童遥指杏花村。 清明时节雨纷纷， 路上行人欲断魂。 借问酒家何处有， 牧童遥指杏花村。 清明时节雨纷纷， 路上行人欲断魂。 借问酒家何处有， 牧童遥指杏花村。 清明时节雨纷纷， 路上行人欲断魂。 借问酒家何处有， 牧童遥指杏花村。 清明时节雨纷纷， 路上行人欲断魂。 借问酒家何处有， 牧童遥指杏花村。 清明时节雨纷纷， 路上行人欲断魂。 借问酒家何处有， 牧童遥指杏花村。,"清明时节雨纷纷路上行人欲断魂借问酒家何处有牧童遥指杏花村, 清明时节雨纷纷路上行人欲断魂借问酒家何处有牧童遥指杏花村, 清明时节雨纷纷路上行人欲断魂借问酒家何处有牧童遥指杏花村, 清明时节雨纷纷路上行人欲断魂借问酒家何处有牧童遥指杏花村, 清明时节雨纷纷路上行人欲断魂借问酒家何处有牧童遥指杏花村, 清明时节雨纷纷路上行人欲断魂借问酒家何处有牧童遥指杏花村",1,1,,871,33,170,168,,
0797,3225,2011-06-12,5580,桂花巷,蒋明,桂花巷,蒋明,再见北方,我等着你回来我等着你回来 我想着你回来我想着你回来 再不回来春光不在再不回来热泪满腮 花开花落秋去冬来风雨西楼夜 人海茫茫多情为谁灯下梳红妆 桂花深处你我相遇思量夜未央 怕只怕到此只宜一杯浊酒人如梦梦如霜 寻寻觅觅冷冷清清歌舞升平夜 片时春梦怎堪缱绻只有香如故 三十三年红衣落尽良人不归来 怨只怨三分春色两分尘土一分赴水流 想良辰美景似真似幻怕人间万千变化 叹镜中女子春光易老问恋恋在水中央 寻寻觅觅冷冷清清歌舞升平夜 片时春梦怎堪缱绻只有香如故 三十三年红衣落尽良人不归来 怨只怨三分春色二分尘土一分赴水流 想良辰美景似真似幻怕人间万千变化 叹镜中女子春光易老问恋恋在水中央 想良辰美景似真似幻怕人间万千变化 叹镜中女子春光易老问恋恋在水中央 我等着你回来我等着你回来 我想着你回来我想着你回来 你为什么不回来你为什么不回来 我要等你回来我要等你回来 我等着你回来我等着你回来,"风雨西楼夜, 寻寻觅觅冷冷清清, 只有香如故, 三分春色二分尘土一分, 寻寻觅觅冷冷清清, 只有香如故, 三分春色二分尘土一分",2,0,,742,30,364,51,,
0794,3222,2015-12-07,2854,长安,蒋明,长安,蒋明,长安,觥筹交错风过云落 落了一纸一生承诺 几载过客悠悠难说 缘分终是不忍看破 长安的夜笛声声起 酩酊大梦时时迷 醉了葬花愁满地 当时寻常难寻你 这相爱的人啊就不该走散 听着远方传来你的呼唤 原来你一直等在对岸 这相爱的人啊就不会走散 那年立誓后我闯荡长安 为了你曾奔波的蹒跚 觥筹交错风过云落 落了一纸一生承诺 几载过客悠悠难说 缘分终是不忍看破 长安的夜笛声声起 酩酊大梦时时迷 醉了葬花愁满地 当时寻常难寻你 这相爱的人啊就不该走散 听着远方传来你的呼唤 原来你一直等在对岸 这相爱的人啊就不会走散 那年立誓后我闯荡长安 为了你曾奔波的蹒跚 这相爱的人啊就不该走散 听着远方传来你的呼唤 原来你一直等在对岸 这相爱的人啊就不会走散 那年立誓后我闯荡长安 为了你曾奔波的蹒跚,听取蛙声一片,3,0,,739,6,397,6,,
0796,3224,2011-06-12,1419,游子谣 吉他童声版,蒋明,游子谣 吉他童声版,蒋明,再见北方,青青山外山绵绵云上云故乡花开早百里野菊香 漫漫夕阳里悠悠笛声扬声声鸟啼归炊烟小村旁 慈母手中线游子身上衣临行密密缝意恐迟迟归 少年离家去光阴似水流年年登高处乡关岁岁愁 窗头明月照、窗里烛光摇、娘亲倚门望、游子都平安 窗头明月照、窗里烛光摇、娘亲倚门望、游子都平安 春去秋来岁月如流游子伤飘泊 回忆儿时家居嬉戏光景宛如昨 茅屋三椽门前一树树底迷藏捉 老枝啼鸟小川游鱼曾把闲情托 春去秋来岁月如流游子伤飘泊 回忆儿时家居嬉戏光景宛如昨 茅屋三椽门前一树树底迷藏捉 老枝啼鸟小川游鱼曾把闲情托,慈母手中线游子身上衣临行密密缝意恐迟迟归,2,1,,741,20,224,20,,
0795,3223,2015-12-07,1012,空山,蒋明,空山,蒋明,空山,微雨初醒的山间无上清凉 层层叠叠的渲染若有若无的时间 红尘不到的风光可有虚无 竹荫里一抹屋檐乾坤外一炷香火 芒鞋竹杖三千界朝云暮雨 胡姬酒肆谝前朝白发诗人 但问此生归何处归无言处 露水煎茶花酿酒人间何年 醉卧这山林呐君莫笑我爱这天地广阔 结伴呐溪水啊慢慢走汝可知桥流水流 放低这半生几次执着我爱着世间无常 风吹过云动还是心动欲辨时都已无痕 僧入佛堂鸟归林初生明月 不清不浊的天地不动不静的光阴 观山观水观世音观梦中梦 花开时花已知谢人去时忘记人来 渐悟众生三尺剑如斩春风 朝开暮落关何事半担功名 而今忘却来时路来时无路 但应此心无所往何似神仙 醉卧这山林呐君莫笑我爱这天地广阔 结伴呐溪水啊慢慢走汝可知桥流水流 放低这半生几次执着我爱着世间无常 风吹过云动还是心动欲辨时都已无痕 醉卧这山林呐君莫笑我爱这天地广阔 十万菩萨对我一闲人无穷处坐看云起 返身看半生几次迷途我爱着世间无常 风吹过云动还是心动欲辨时都已无痕,穷处坐看云起,3,0,,740,6,380,6,,
0798,3227,2011-06-12,614,少年游,蒋明,少年游,蒋明,少年游, ,"夕阳西下几, 归去也无风雨也无晴",3,0,,743,14,160,14,,
0793,3219,2017-07-20,493,本事,蒋明,本事,蒋明,故纸堆,编曲：邢江波 混音：朱增根 母带：全相彦 吉他：邢江波 Program：邢江波 出品：大象音乐 记得当时年纪小 你爱谈天我爱笑 有一回并肩坐在桃树下 风在林梢鸟儿在叫 记得当时年纪小 你爱谈天我爱笑 有一回并肩坐在桃树下 风在林梢鸟儿在叫 我们不知怎样睡着了 梦里花落知多少 我们不知怎样睡着了 梦里花落知多少,"花落知多少, 花落知多少",3,0,,738,5,96,10,,
0799,3228,2011-06-12,224,我们,蒋明,我们,蒋明,我们,我想起了你和我相爱的经过 回忆如此斑驳 可能你和我都太懦弱 忍不住泪光闪烁 命中注定了让你遇见我 最放不下的是深深爱过 如今成熟了我想对你说 未来的日子还有很多 我想与你度过 女： 我们这一路走来真的不容易 多少次流着泪说还不如分离 可是为什么后来都再次把你 拥入怀里 我们这爱情经过了太多风雨 我会比从前的我更加珍惜你 谁都离不开谁就算吵得彻底 还是一如既往爱着你 男： 我想起了你和我相爱的经过 回忆如此斑驳 可能你和我都太懦弱 忍不住泪光闪烁 命中注定了让你遇见我 最放不下的是深深爱过 如今成熟了我想对你说 未来的日子还有很多 我想与你度过 女： 我们这一路走来真的不容易 多少次流着泪说还不如分离 可是为什么后来都再次把你 拥入怀里 我们这爱情经过了太多风雨 我会比从前的我更加珍惜你 谁都离不开谁就算吵得彻底 还是一如既往爱着你 男： 命中注定了让你遇见我 最放不下的是深深爱过 如今成熟了我想对你说 未来的日子还有很多 我想与你度过 女： 我们这一路走来真的不容易 多少次流着泪说还不如分离 可是为什么后来都再次把你 拥入怀里 我们这爱情经过了太多风雨 我会比从前的我更加珍惜你 谁都离不开谁就算吵得彻底 还是一如既往爱着你,疑是地上霜,3,0,,744,5,274,5,,
0451,2196,2018-04-22,275,落花劫,"洛劫, 洛天依",落花劫,洛天依,落花劫,黄沙漫天铁甲寒 江河破碎家国变 浮沉飘萍牵羁绊 青灯残酒尤唱晚 韶华对半时光荏苒 盛世繁华奈何年 烟雨忘川绝色容颜 情难却任宝奁尘满 登高临远萦损柔肠 问何时还能再相见 遗泪千行红衰翠减 歌一曲不忘离人还 月夜凄凉寒霜染 泪痕残照浸红衫 落花无处归夙愿 梧桐细雨锁江南 潇湘泠轩花疏酒淡 朝朝若能如初见 墨洒红笺青楼梦断 逝年华岁月磨容颜 落花千千惊动人间 问世间谁能比天仙 灯火阑珊琴瑟香鸾 高台处拂袖忆流年 伞下相对无言 乱步舞谁怨 水榭楼台 再续今生缘 潇湘泠轩花疏酒淡 朝朝若能如初见 墨洒红笺青楼梦断 逝年华岁月磨容颜 落花千千惊动人间 问世间谁能比天仙 灯火阑珊琴瑟香鸾 再回首莫忘君眷恋,任宝奁尘满,3,0,,420,5,265,5,,
0962,3622,2019-01-01,5092,权御天下,洛天依Official,权御天下,Rise,Vsinger作品集-2,东汉末狼烟不休 常侍乱朝野陷阿瞒挟天子令诸侯 踞江东志在九州 继祖业承父兄既冕主吴越万兜鍪 纵天下几变春秋 稳东南面中原水师锁长江抗曹刘 镇赤壁雄风赳赳 夺荆楚抚山越驱金戈铁马灭仇雠 紫发髯碧色眼眸 射猛虎倚黄龙胆识过凡人谁敌手 御天下半百之久 选贤臣任能将覆江东云雨尽风流 千秋过再难回首 问古今兴亡事几人耀青史芳名留 笑谈间云烟已旧 终留下万古叹生子该当如孙仲谋 运帷幄英雄几拂袖 阴谋阳谋明仇暗斗 化作一江浊浪东流 君不见军赤壁纵野火铁索连环 也不见御北敌联西蜀长江上鏖战 继遗志领江东屹立于神州东南 尽心力洒英血展伟业剑气指苍天 军帐内公瑾智张昭谋奇策频献 沙场上太史勇甘宁霸一骑当十千 纵使有千万种寂寞和孤单相伴 既受终冠帝冕龙椅上成败也笑看 铁瓮城难攻易守 旌旗立苍空蔽逾百千雄师万蒙舟 善制衡眼光独秀 擢鲁肃劝阿蒙聚贤成霸业名利收 固疆土施德恩厚 军心定百姓安富国又强兵重耕耨 交远好未雨绸缪 联南洋合林邑行军远渡海驻夷洲 残垣下枯木凋朽 想当年麦城边截兵缚关羽终其寿 凭栏倚横看吴钩 叹乱世几时了天下归一统没其咎 称帝王壮心仍稠 却无奈自孤傲同室亦操戈子嗣斗 千年后恚恨徒留 再何寻军帐里将士聚欢饮赏箜篌 运帷幄英雄几拂袖 阴谋阳谋明仇暗斗 化作一江浊浪东流 君不见吕子明踏轻舟白衣渡川 也不见陆伯言烧连营火光上冲天 善制衡选贤臣任能将共谋江山 听忠言摒逆语树威严宝剑斫书案 夺荆州抗刘备合曹操共克襄樊 守夷陵任陆逊剿敌军火计破蜀胆 固江河成帝业立国家终归于乱 光阴逝千载过功成者都付笑谈间 君不见军赤壁纵野火铁索连环 也不见御北敌联西蜀长江上鏖战 继遗志领江东屹立于神州东南 尽心力洒英血展伟业剑指苍天 君不见吕子明踏轻舟白衣渡川 也不见陆伯言烧连营火光上冲天 善制衡选贤臣任能将共谋江山 听忠言摒逆语树威严宝剑斫书案 纵使有千万种寂寞和孤单相伴 既受终冠帝冕龙椅上成败也笑看 固江河成帝业立国家终归于乱 光阴逝千载过功成者都付笑谈间,当如孙仲谋,3,0,,904,5,736,5,,
0452,2197,2019-01-01,5091,权御天下,洛天依Official,权御天下,洛天依,Vsinger作品集-2,东汉末狼烟不休 常侍乱朝野陷阿瞒挟天子令诸侯 踞江东志在九州 继祖业承父兄既冕主吴越万兜鍪 纵天下几变春秋 稳东南面中原水师锁长江抗曹刘 镇赤壁雄风赳赳 夺荆楚抚山越驱金戈铁马灭仇雠 紫发髯碧色眼眸 射猛虎倚黄龙胆识过凡人谁敌手 御天下半百之久 选贤臣任能将覆江东云雨尽风流 千秋过再难回首 问古今兴亡事几人耀青史芳名留 笑谈间云烟已旧 终留下万古叹生子该当如孙仲谋 运帷幄英雄几拂袖 阴谋阳谋明仇暗斗 化作一江浊浪东流 君不见军赤壁纵野火铁索连环 也不见御北敌联西蜀长江上鏖战 继遗志领江东屹立于神州东南 尽心力洒英血展伟业剑气指苍天 军帐内公瑾智张昭谋奇策频献 沙场上太史勇甘宁霸一骑当十千 纵使有千万种寂寞和孤单相伴 既受终冠帝冕龙椅上成败也笑看 铁瓮城难攻易守 旌旗立苍空蔽逾百千雄师万蒙舟 善制衡眼光独秀 擢鲁肃劝阿蒙聚贤成霸业名利收 固疆土施德恩厚 军心定百姓安富国又强兵重耕耨 交远好未雨绸缪 联南洋合林邑行军远渡海驻夷洲 残垣下枯木凋朽 想当年麦城边截兵缚关羽终其寿 凭栏倚横看吴钩 叹乱世几时了天下归一统没其咎 称帝王壮心仍稠 却无奈自孤傲同室亦操戈子嗣斗 千年后恚恨徒留 再何寻军帐里将士聚欢饮赏箜篌 运帷幄英雄几拂袖 阴谋阳谋明仇暗斗 化作一江浊浪东流 君不见吕子明踏轻舟白衣渡川 也不见陆伯言烧连营火光上冲天 善制衡选贤臣任能将共谋江山 听忠言摒逆语树威严宝剑斫书案 夺荆州抗刘备合曹操共克襄樊 守夷陵任陆逊剿敌军火计破蜀胆 固江河成帝业立国家终归于乱 光阴逝千载过功成者都付笑谈间 君不见军赤壁纵野火铁索连环 也不见御北敌联西蜀长江上鏖战 继遗志领江东屹立于神州东南 尽心力洒英血展伟业剑指苍天 君不见吕子明踏轻舟白衣渡川 也不见陆伯言烧连营火光上冲天 善制衡选贤臣任能将共谋江山 听忠言摒逆语树威严宝剑斫书案 纵使有千万种寂寞和孤单相伴 既受终冠帝冕龙椅上成败也笑看 固江河成帝业立国家终归于乱 光阴逝千载过功成者都付笑谈间,当如孙仲谋,3,0,,421,5,762,5,,
0454,2207,2014-01-01,681,青楼梦,洛天依Official,青楼梦,洛天依,洛天依作品集,闺门外谁家君子 环佩绮罗有几多 不过把那花言巧语说 贪心意多薄 难把身儿托 难把心儿托 撑竹窗樱花飞舞 形单影只有几多 如果把那花儿比做我 孤单伴寂寞 怎把身儿托 怎把心儿托 愁几多饮三杯淡酒 哀怨也无可奈何 奈何望穿春水 等不来过客 过客也匆匆难留坐 剪一曲 悲离歌不舍 此一别又不知再如何 隔江望硝烟狼火 铁马兵刃国已破 不禁掩面泪已流成河 心酸多苦涩 怎敌那烽火 怎敌那烽火 夏意浓知了萤火 错把蝉鸣作马车 夏虫儿也知亡了国 勤鸣笑蹉跎 怎敌它折磨 怎敌它折磨 念几多播三颗红豆 相思也无可奈何 奈何昔日山河 也换了过客 过客也匆匆难留坐 剪一曲 东风破故国 此一别再相见又几何 伤悲欢几度离合 两岸江水没秋色 沉舟侧畔千帆慢过 更替又繁多 难把君认作 恐把君认错 秋风起凄凄瑟瑟 倚栏空怨人情薄 过尽千帆皆枉错过 青鸟难传歌 怎料这曲折 怎知这曲折 怨几多泼几砚水墨 空等也无可奈何 奈何寒蝉凄恻 鸣不住往昨 往昨也匆匆难画作 绘一折 悲秋色苦多 此一错再见面又几何 昨宵只是那清风过 却打草惊蛇 纸墨涂抹山河颜色 烽火破故国 古琴空吟悲欢离合 别情难取舍 几度共剪西窗烛火 相思空铸错 舞文弄墨 吟几番悲欢离合 将那蝉纱轻着 有谁人记得 情几多秋水已枯涸 寒风瑟无可奈何 奈何彼岸冰河 载不动苦乐 苦乐曾有过谱作歌 唱一曲 青楼梦君歌 银发已簪无合 沉梦惊蛰 黄粱一梦的歌 君身左相和,"沉舟侧畔千帆, 过尽千帆皆, 共剪西窗烛",2,0,,423,21,515,16,,
0448,2190,2017-05-10,541,挑灯看剑,洛天依Official,挑灯看剑,洛天依,江湖道,调教：徐鹏 出品：音阙诗听 雨落残花敲碎了 桨声灯影里的繁华 满纸墨染却不料 被月光染白了眉发 一支秃笔写透了风雅 一卷诗书湮没了年华 铁蹄踏碎江山如画 空回首几声暮鸦 幽怨琵琶惊散了 纸醉金迷茫茫烟霞 午夜梦回总听见 风雨交加冰河铁马 一身风尘消磨了铁甲 一壶浊酒饮尽了繁华 醉卧东篱指天笑骂 待重头剑指天下 醉里挑灯看龙泉 举杯邀月且问天 世间多少不平事 天可曾看见 拔剑踏歌舞翩跹 九州风雷起狼烟 心如猛虎卧山前 纵横万里席卷 夜阑珊几处月落蒹葭 弦未断半生浮夸随它 人道是英雄有泪不轻洒 凭谁问斗饭可堪加 一身风尘消磨了铁甲 一壶浊酒饮尽了繁华 醉卧东篱指天笑骂 待重头剑指天下 待重头剑指天下,醉里挑灯看,3,0,,417,5,255,5,,
0339,1598,2017-04-27,7028,还不是因为你长得不好看,"洛天依Official, 言和, 乐正绫",还不是因为你长得不好看,洛天依,还不是因为你长得不好看,编曲／混音／调教：潇儿 旁白： 洛天依：今天这首歌唱的是关于“好看的人和你”的故事。 言和：恩，是“好看的人和你”的故事。 乐正绫：一般来说，长得不好看的人这歌只会听一遍。 言和：恩，长得好看的人这歌会听一百遍。 洛天依： 人家西施眉一皱让鱼儿潜进水里 你学人家眉一皱让鱼儿想要打你 言和： 人家昭君出远门让大雁花痴坠落 你学人家出远门让大雁无处闪躲 乐正绫： 人家貂蝉赏个月月亮躲到云后面 你学人家赏个月月亮忍不住白眼 洛天依： 人家玉环散个步花儿害羞低下头 你学人家散个步花儿问你有没有酒 言和： 你在怀疑因为你长得不好看 不要怀疑就是因为你长得不好看 乐正绫：我好心好意告诉你 你千万别想不开 还不是因为你长得不好看 你哭他们说你装可怜 你笑他们说你无法无天 你哭笑不得他们又让你节哀顺变 合：那些长得好看的人出门可以靠刷脸 可是长得难看的人出门不能不带钱 那些长得好看的人可以脚踩几只船 可是长得难看的人却只能死皮赖脸 那些长得好看的人总是加薪又升迁 可是长得难看的人只会不招人待见 我的天，我的天，这是什么世道 还谈什么尊严  乐正绫： 为什么活得这么艰难吃糖糖不甜吃盐盐不咸 还不是因为你长得不好看  童小言歌词 洛天依： 自古红颜多薄命谁管你薄命不薄命 自古红颜多祸水谁管你似鬼不是鬼 回眸一笑百媚生你笑起来像颗花生 回眸一笑胜星华你笑起来像没开花 言和： 你在怀疑因为你长得不好看 不要怀疑就是因为你长得不好看 乐正绫： 三分缘分天注定七分实力靠打拼 还有九十分全靠颜值撑 衣服穿在模特身上哪里都是T台 你穿同款上T台都像是送外卖 一般姑娘撒个娇所有问题都解了 你学人家撒个娇拜托还是武力有效 言和： 你在怀疑因为你长得不好看 不要怀疑就是因为你长得不好看 重要的事情说三遍四遍五遍 还不是因为你长得不好看 合：那些长得好看的人出门可以靠刷脸 可是长得难看的人出门不能不带钱 那些长得好看的人可以脚踩几只船 可是长得难看的人却只能死皮赖脸 那些长得好看的人总是加薪又升迁 可是长得难看的人只会不招人待见 我的天，我的天，这是什么世道 还谈什么尊严 洛天依：为什么活得这么艰难 吃糖糖不甜吃盐盐不咸 还不是因为你长得不好看 还不是因为你长得不好看 还不是因为你长得不好看 洛天依：呃呃！这首歌不传输任何价值观，纯属调侃呦！ 不过好看的人还是会听一百遍的,回眸一笑百媚生,2,0,,312,7,748,7,,
0516,2425,2018-05-31,543,天一半 地一半,莫文蔚,天一半 地一半,莫文蔚,我们在中场相遇,远方是谁在歌唱 一半冰霜一半是火光  路不通往哪一方  一半回忆一半未知未闯  无人去过的地方  我要看遍极地的风光  如果高处不胜寒  一半冷静一半炽热张狂  如梦如电似光  天一半地一半 多少念念不忘 错一半对一半 所有爱都不枉 醒一半醉一半 上半与下半场 远方是谁在呼唤  一半明亮一半却哀伤  远方并不在远方  一半成形一半未知未闯 ,高处不胜寒,3,0,,479,5,144,5,,
0130,383,2013-10-25,514,头号粉丝,莫文蔚,头号粉丝,莫文蔚,莫后年代 莫文蔚20周年世纪典藏,"Unbeldi,vedremo Levarsiunfildifumosull’estremo confindelmare. Epoilanaveappare.  滑过凝结的浪花你的额头 夏天大雨后我指头 冰块在劈啪融化就像跳豆 你忽然的扬起了眉头 全世界是你的配角 为了表现你的仰角 用恋人最熟悉的眼角 再骄傲也愿意渺小 为了突显你的仰角 这角度你真的很好 全世界是你的配角 为了表现你的仰角 用恋人最熟悉的眼角 再骄傲也愿意渺小 为了突显你的仰角 这角度你真的很好  野火烧不尽的草额边鬓角 就是看不够没借口 然后默契刚刚好的像慢镜头 你忽然的向我回过头  （MadameButterfly） Unbeldi,vedremo Levarsiunfildifumosull’estremo confindelmare. Epoilanaveappare.  来得凶猛变化无穷 一个眼神马上接通 同时紧绷全面放松 无限次初吻的心动  全世界是你的配角 为了表现你的仰角 用恋人最亲昵的嘴角 再骄傲也愿意渺小 为了突显你的仰角 这角度说真的很好 全世界是你的配角 为了表现你的仰角 用恋人最亲昵的嘴角 再骄傲也愿意渺小 为了突显你的仰角 这角度说真的很好  全世界是你的配角 为了表现你的仰角 用恋人最亲昵的嘴角 再骄傲也愿意渺小 为了突显你的仰角 这角度说真的很好  （MadameButterfly） Unbeldi,vedremo Levarsiunfildifumosull’estremo confindelmare. Epoilanaveappare.",野火烧不尽,2,0,,121,5,361,5,,
0515,2424,2009-06-26,251,青山在,莫文蔚,青山在,莫文蔚,回蔚,高山青涧水蓝 阿里山的姑娘美如水呀 阿里山的少年壮如山  掩埋在云海少年不回来 千年在留白 留得青山在神木倒下来 别随便说爱 严阵以待屡战屡败 身在情常在随处惹尘埃 昨天散不开潮湿了现在 爱不爱青山依旧在 回报回不来痛了不痛快 来不来青山依旧在 满怀期待屡战屡败 花落又花开何处惹尘埃青山在 高山青涧水蓝 阿里山的姑娘美如水呀 阿里山的少年壮如山  掩埋在云海姑娘离不开 时间变青苔 留得青山在神木已腐坏 别随便说爱 严阵以待屡战屡败 身在情常在随处惹尘埃 昨天散不开潮湿了现在 爱不爱青山依旧在 回报回不来痛了不痛快 来不来青山依旧在 满怀期待屡战屡败 花落又花开何处惹尘埃朱颜改 高山青掩埋在云海少年不回来 涧水蓝千年在留白 阿里山的姑娘美如水呀 留得青山在神木倒下来 阿里山的少年壮如山（别随便说爱）  掩埋在云海少年不会来 千年在留白 留得青山在神木倒下来 别随便说爱,"何处惹尘埃, 何处惹尘埃",3,0,,478,5,345,10,,
0022,31,2012-03-23,146,如果你是李白,莫文蔚,如果你是李白,莫文蔚,[i],你又不是李白 不用说诗的对白 不用酒后安排 浪漫的交待 感情虽然失败 还好甜点很精彩  谢谢你的招待 这一次的单我来买  原谅我心情还愉快  为什么要分开  我连猜也不想猜  我不是庸才你不是天才 也不是伤害我那种人才 不爱就不爱离开就拜拜 我不想听什么我们合不来  我有节目在排 有很多东西想买  如果你是李白 魅力留给后人崇拜 别阻碍我的舞台  为什么要分开 我连猜也不想猜 我不是桑田你不是沧海 你不要以为你特别可爱 很多人恋爱很多人分开 我不会以为我特别失败  我不是庸才你不是天才 也不是伤害我那种人才 不爱就不爱难捱就不捱 只给你一分钟想想怎么说拜拜  床前明月光疑是地上霜  举头望明月低头思故乡  我不是庸才你不是天才 也不是伤害我那种人才 不爱就不爱难捱就不捱 只给你一分钟想想怎么说拜拜,床前明月光疑是地上霜,2,0,,22,20,312,20,,
0867,3399,2014-01-01,257,长风万里,清响,长风万里,清响,清响合集,君子端方温良如玉谁人解其意 忧患实多不敢言去长风几万里 他深藏不露但笑无语似波澜平静 直到那天交给我他的心 人生短暂流水高山难逢是知己 你曾是我心中憧憬永恒的偎依 我栖踪烟霞凝望天涯只因你在那里 惟愿共你低声和这一曲 走过大漠苍茫梧桐飘黄不知天已暮 你有深情目光温暖胸膛是我的归宿 走到风舞残阳地老天荒不记来时路 怎奈你在天边我在此处再长的路走也走不出 同归殊途 我似秋叶承载几许荏苒华梦歇 梦中有你仗剑扬眉傲射天边月 看鹰击长空江山大好风云动城阙 薄酒一杯伴我漫漫长夜 你若知我心忧懂我何求为何不放手 等到韶华难留覆水难收才给我自由 有人觊觎天下日日牵挂一夜竟白头 你却纵马前驰带我远走再也不愿回首望身后 天地悠悠 你若知我心忧懂我何求为何不放手 等到韶华难留覆水难收才给我自由 有人觊觎天下日日牵挂一夜竟白头 你却纵马前驰带我远走再也不愿回首望身后 天地悠悠,"长风几万里, 不记来时路",2,0,,812,15,355,10,,
0869,3403,2014-01-01,252,看朱成碧,清响,看朱成碧,清响,清响合集,古风耽美广播剧主题曲：看朱成碧 词曲/编曲/演唱：清响 梦中我是你枕着我沉沉睡去 你在我梦里梦外更著风和雨 我若变成你我自己又在哪里 梦里缘雪中蝶像你我的纠缠 梦中我是你十年不觉瞬息 你在我梦里月色溶成美玉 我并不是你来得又来不及 误入歧途有多远轮回都看不见 你是最炽热的火焰燃烧青山绿水间 那是一抹清冷还是一抹艳无从分辨 抖落翅膀的鳞片义无反顾的流连 直到靠近融化消失在你眼前 我欲乘风怎奈挣脱不尽凡尘痴与情 你仍是你我原非我腥风血雨忆犹新 山南水北过眼云烟一朝深藏功与名 人生苦短来日方长何处是心乡 不过庄生梦一场已忘 那时天际空旷无边飞到此刻天也蓝 百尺楼台万里江山你在何处俯首看 一叶扁舟过三川此生无悔亦无怨 只要靠近依偎守护在你身边 我欲乘风怎奈挣脱不尽凡尘痴与情 你仍是你我原非我腥风血雨忆犹新 山南水北过眼云烟一朝深藏功与名 人生苦短来日方长何处是心乡 不过庄生梦一场已忘 梦中我是你枕着我沉沉睡去 你在我梦里梦外更著风和雨 我若变成你我自己又在哪里 梦里缘雪中蝶像你我的纠缠 梦里缘雪中蝶轮回已看不见,"更著风和雨, 更著风和雨",3,0,,814,5,400,10,,
0868,3402,2014-01-01,130,醉卧红尘,清响,醉卧红尘,清响,清响合集,终日凝眸处流不尽弱水三千 红尘不问相思苦良辰美景奈何天 不爱不想谁将流年暗中换 回首只怕相对却忘言  你在山林竹间 远离尘世嚣烟 指下锦瑟无端 空留一柱一弦 此生彼岸长眠梦中一朵青莲  风如诉雪连天苍山远 漆黑夜里天地茫茫两处皆不见 你仍在看看漫山红遍却不知何日重回人间 此岁彼年声声空啼杜鹃  谁与我共明月把酒临风高处不胜寒 只言一醉解千愁谁又能醉卧千年 不睡不醒任它玉座凋朱颜蝶梦一场相逢也惘然  云上龙啸九天玄 火舞三尺长剑 犹记小池疏雨清荷紫竹伞 到如今春风又绿江南 月下花间风前池中波光潋滟  朱笛渺春风倦百花残 怎知是你 幽幽一缕香魂随风散 我仍在看 回望前世路断 却不知何日再续尘缘  碧血寒香尘漫离歌黯 夜凉似水冷月如霜寂寞无人见 你不再看别后无限江山 却不知皓月几时能圆 情深酒浅一梦又是千年,"高处不胜寒, 春风又绿江南, 寂寞无人见",2,0,,813,16,318,16,,
0870,3405,2014-01-01,120,思无名,清响,思无名,清响,清响合集,思无名 回忆制作  绿兮淇水漪 君自长戚戚 心之忧矣 唯以风相送 请和我一起 地老天荒白头 风不息不休 带走所忧愁 闻旧日往事 前尘一梦远走 怜今日眼前的人 再不放手  碧山半天立 清溪村边走 惜顾无名 今朝再回首 月下箜篌鸣 对影成三人 千年已过 梦醒人消瘦  绿兮柏舟起 随波逐浪行 亦泛其流 不记五州候 请和我一起 地老天荒白头 风不息不休 带走所有忧愁 闻旧日往事 前尘一梦远走 怜今日眼前的人 永不放手  考盘在涧过 三岁越三秋 北风凄影 悠悠细说愁 携手同偕老 死生何契阔 千年已过 梦醒人消瘦,对影成三人,3,0,,815,10,208,5,,
0871,3407,2014-01-01,83,我的耽美NO WAY TO SAY,清响,我的耽美NO WAY TO SAY,清响,清响合集,"我的耽美NOWAYTOSAY 原曲自滨崎步《NOWAYTOSAY》 任如是制作  我的耽美NOWAYTOSAY  不知为什么看不清你的轮廓 只是出现在梦里你淡然的失落 后来就忘了偶尔清晰的轮廓 直到那一天听见一首歌 （我一个人不孤单想一个人才孤单） 我们是善良的罪人 宽恕了你不可原谅的罪行 高声歌颂空虚的虔诚 我只是想说我可以等 直到末日来生  NOWAYTOSAYDON""TGOAWAY INEVERLETYOUGO 别无所求 ILOVEYOUWITHMYHEART&SOUL 我们远走一起远走走到世界生命尽头 陌路同行一往情深 一瞬间昨夜一梦到清晨  夜惊残梦轩窗里一花三藐似人间 我曾这样说我曾这样做 最后的结果只剩空寂与寥落  不知为什么看不清你的轮廓 只是出现在梦里你淡然的失落 后来就忘了偶尔清晰的轮廓 那天睁开眼听见一首歌 （我一个人不孤单想一个人才孤单） 我们是善良的罪人 宽恕了你们不可原谅的罪行 一意孤行寂寞的灵魂 我只是想说我可以等 直到地暗天昏  知我者谓我心忧 不知者谓我何求 万里长风苍穹过 飘然何所似天地一沙鸥 浮生梦一场世事云千变 怎见得遥遥相望多少年（多少年） 但我只遥望不怀念迎风立眯起眼 身未动心已远浮云散流年换 但见他笑嫣然负手望众山巅 不知高歌几曲天上人间  他是人他是神 他是我几番梦回的精魂 红尘醉卧醉红尘傲然不可方物 依稀望他剑眉星目默默此情谁诉 临兵斗者皆阵列在前 我有多少话想说 我有多少事想做 被他轻而易举一笔代过 也许就是前世对今生的一个回眸 让你我看到他们惊动天感应地的 执着  知我者谓我心忧 不知者谓我何求 万里长风苍穹过 飘然何所似天地一沙鸥 浮生梦一场世事云千变 怎见得遥遥相望多少年（多少年） 但我只遥望不怀念迎风立眯起眼 身未动心已远浮云散流年换 但见他笑嫣然负手望众山巅 不知惆怅几许今非华年  NEVERENDとづづく","何所似天地一沙鸥, 何所似天地一沙鸥",3,0,,816,8,612,16,,
0866,3398,2014-01-01,75,常言笑,清响,常言笑,清响,清响合集,再回首，风雨又一年，落花尽、山河远， 日落在西边，不见； 大漠中，谁身影已远？孤烟直、长河浅， 故园风沙狂，人散。 胡琴响，流清泉；今朝聚，明朝还。 京华又云烟起，寂寞卧龙潭。 紫竹摇，疏影散；楚台月，挂天边。 多少事都付之一场笑谈。 来时路，雪连天；归不去，燃烈焰。 见孤鸿远天边残影已黯。 空怅惘，年华晚；常言笑，常牵念。 看峥嵘又一梦醒来料峭千年。 回首，风雨又一年，落花尽、山河远， 日落在西边，不见； 大漠中，谁身影已远？孤烟直、长河浅， 故园风沙狂，人散。 一江旧雨烟，回首万里远； 凄凄冷芳菲，潇潇易水寒。 谁共我，今宵都醉明月？ 惟有常言笑，常牵念。 北风吹过旧河山。 回首，风雨又一年，落花尽、山河远， 日落在西边，不见； 大漠中，谁身影已远？孤烟直、长河浅， 斜阳归去天涯渡流年,"孤烟直长河, 孤烟直长河, 孤烟直长河",3,0,,811,5,261,15,,
0865,3397,2014-01-01,56,天为谁春,清响,天为谁春,清响,热门华语226,寻寻觅觅中天月鸿雁飞秋叶尽 朝朝暮暮风乍起一曲高歌何处昆仑 杨柳岸边晓月残风 燕山路漫大漠星冷 花开一路几岁枯荣 如有来生但求不问世事清静 更深漏断侧耳听雨霖铃风如松 竹露滴响再回首也无风雨也无晴 残阳如血暮鼓晨钟 潇湘两望梦断疏桐 几缕青丝万丈云屏 空阑危处一点残红 如有来生但求与你不曾相逢 是谁将清风明月挽入小山云鬓 多少回眸都成空 九曲回肠柔情寸断断不开深情 一江烟雨含笑梦中  残阳如血暮鼓晨钟 潇湘两望梦断疏桐 几缕青丝万丈云屏 空阑危处一点残红 如有来生但求与你不曾相逢 是我把江山如画种进斜阳几重 只为天地一双人 九曲回肠柔情寸断断不开深情 满城风絮含笑梦中 是谁说相思相望却终究不能相亲 红袖添香黯销魂 你在众生之巅睥睨人世浮沉 只叹一声天为谁春  是谁将清风明月挽入小山云鬓 多少回眸都成空 九曲回肠柔情寸断断不开深情 一江烟雨含笑梦中 是谁说相思相望却终究不能相亲 红袖添香黯销魂 你在众生之巅睥睨人世浮沉 只叹一声天为谁春,也无风雨也无晴,3,0,,810,7,426,7,,
0469,2274,2015-09-10,38751,清风徐来,王菲,清风徐来,王菲,清风徐来,只要热烈 都好过温存  几经冷漠 也不屑容忍  铭心刻骨 就要一意孤行  越是憧憬 越要风雨兼程  要走多远 才算走进森林  曾几何时 开始细数生辰  誓言久藏 怎么滋生残忍  青涩难免 要被遗憾瓜分  清风徐来 水波不兴  哪个剧本 没有分生  愈想证明 就愈不肯定  可能完美和完整 不是一回事情  清风徐来 水波不兴  顺流而上 海阔天空  人面桃花 倾国倾城  与我 谈笑风生  那些 可遇而不可求的事情  要走多远 才算走进森林  曾几何时 开始细数生辰  誓言久藏 怎么滋生残忍  青涩难免 要被遗憾瓜分  清风徐来 水波不兴  哪个剧本 没有分生  愈想证明 就愈不肯定  可能完美和完整 不是一回事情  清风徐来 水波不兴  顺流而上 海阔天空  人面桃花 倾国倾城  与我 谈笑风生  那些 可遇而不可求  清风徐来 水波不兴  顺流而上 海阔天空  人面桃花 倾国倾城  与我 谈笑风生  那些 可遇而不可求的事情,"清风徐来水波不兴, 清风徐来水波不兴, 清风徐来水波不兴, 清风徐来水波不兴, 清风徐来水波不兴",3,0,,437,8,314,40,,
0164,546,1999-06-10,29157,但愿人长久,王菲,但愿人长久,王雅洁,但愿人长久,明月几时有把酒问青天 不知天上宫阙今夕是何年 我欲乘风归去唯恐琼楼玉宇 高处不胜寒起舞弄清影何似在人间 转朱阁低绮户照无眠 不应有恨何事长向别时圆 人有悲欢离合月有阴晴圆缺 此事古难全 但愿人长久千里共婵娟  我欲乘风归去唯恐琼楼玉宇 高处不胜寒起舞弄清影何似在人间 转朱阁低绮户照无眠 不应有恨何事长向别时圆别时圆 人有悲欢离合月有阴晴圆缺 此事古难全 但愿人长久千里共婵娟,"明月几时有把酒问青天不知天上宫阙今夕是何年我欲乘风归去, 恐琼楼玉宇高处不胜寒起舞弄清影何似在人间, 转朱阁低绮户照无眠不应有恨何事长向别时圆人有悲欢离合月有阴晴圆缺此事古难全, 千里共婵娟, 明月几时有把酒问青天不知天上宫阙今夕是何年我欲乘风归去, 恐琼楼玉宇高处不胜寒起舞弄清影何似在人间, 转朱阁低绮户照无眠不应有恨何事长向别时圆人有悲欢离合月有阴晴圆缺此事古难全, 千里共婵娟",1,0,,151,89,183,178,,
0282,1247,2015-07-20,7943,清平调 (独唱版),王菲,清平调,王艺洋,清平调 (独唱版),云想衣裳花想容 春风拂槛露华浓  若非群玉山头见 会向瑶台月下逢  一枝红艳露凝香 云雨巫山枉断肠  借问汉宫谁得似 可怜飞燕倚新妆  名花倾国两相欢 常得君王带笑看  解释春风无限恨 沉香亭北倚阑干  解释春风无限恨 沉香亭北倚阑干  云想衣裳花想容 春风拂槛露华浓  若非群玉山头见 会向瑶台月下逢  一枝红艳露凝香 云雨巫山枉断肠  借问汉宫谁得似 可怜飞燕倚新妆  名花倾国两相欢 常得君王带笑看  解释春风无限恨 沉香亭北倚阑干  解释春风无限恨 沉香亭北倚阑干  解释春风无限恨 沉香亭北倚阑干,"云想衣裳花想容春风拂槛露华浓若非群玉山头见会向瑶台月下逢, 一枝红艳露凝香云雨巫山枉断肠借问汉宫谁得似可怜飞燕倚新妆, 名花倾国两相欢常得君王带笑看解释春风无限恨沉香亭北倚栏杆, 解释春风无限恨沉香亭北倚栏杆",1,1,,258,109,98,98,,
0474,2280,2001-10-18,3584,单行道,王菲,单行道,王菲,王菲, 一路上有人坐在地铁 张望擦身而过的广告  有人怕错过 每段躲不过的 新闻报导  一路上有人能白头到老 有人失去青春年少  有人在回忆中微笑 也有人为了明天而烦恼  一路上有人付出虔诚 为不认识的陌生人祈祷  有人过了一辈子只为 一家几口每天都吃饱  一路上与一些人拥抱 一边想与一些人绝交  有人背影不断膨胀 而有些情境不断缩小  春眠不觉晓 庸人偏自扰  走破单行道 花落知多少 跑不掉  每个人都是单行道上的跳蚤 每个人皈依自己的宗教  每个人都在单行道上寻找 没有人相信其实不用找  一路上有人太早看透 生命的线条命运的玄妙  有人太晚觉悟冥冥中 该来则来无处可逃  一路上有人盼望缘份 却不相信缘份的必要  一路上那青春小鸟 掉下长不回的羽毛  春眠不觉晓 庸人偏自扰  走破单行道 花落知多少 跑不掉  每个人都是单行道上的跳蚤 每个人皈依自己的宗教  每个人都在单行道上寻找 没有人相信其实不用找  每个人都是单行道上的跳蚤 每个人皈依自己的宗教  每个人都在单行道上寻找 没有人相信其实不用找,"春眠不觉晓, 花落知多少, 春眠不觉晓, 花落知多少",2,0,,442,10,386,20,,
0045,85,1998-12-01,66,但愿人长久,王菲,但愿人长久,王菲,MIX & MATCH,明月几时有把酒问青天 不知天上宫今夕是何年 我欲乘风归去唯恐琼楼玉宇 高处不胜寒起舞弄清影何似在人间 转朱阁低绮户照无眠 不应有恨何事长向别时圆? 人有悲欢离合月有阴晴圆缺 此事古难全 但愿人长久千里共婵娟 我欲乘风归去唯恐琼楼玉宇 高处不胜寒起舞弄清影何似在人间 转朱阁低绮户照无眠 不应有恨何事长向别时圆月时圆 人有悲欢离合月有阴晴圆缺 此事古难全 但愿人长久千里共婵娟,"明月几时有把酒问青天不知天上宫, 今夕是何年我欲乘风归去, 恐琼楼玉宇高处不胜寒起舞弄清影何似在人间, 转朱阁低绮户照无眠不应有恨何事长向别时圆人有悲欢离合月有阴晴圆缺此事古难全, 不应有恨何事长向别时圆",1,1,,44,94,172,169,,
0471,2276,2001-01-01,50,但愿人长久,王菲,但愿人长久 - Album Version,王菲,MIX & MATCH,明月几时有把酒问青天 不知天上宫今夕是何年 我欲乘风归去唯恐琼楼玉宇 高处不胜寒起舞弄清影何似在人间 转朱阁低绮户照无眠 不应有恨何事长向别时圆? 人有悲欢离合月有阴晴圆缺 此事古难全 但愿人长久千里共婵娟 我欲乘风归去唯恐琼楼玉宇 高处不胜寒起舞弄清影何似在人间 转朱阁低绮户照无眠 不应有恨何事长向别时圆月时圆 人有悲欢离合月有阴晴圆缺 此事古难全 但愿人长久千里共婵娟,"明月几时有把酒问青天不知天上宫阙今夕是何年我欲乘风归去, 恐琼楼玉宇高处不胜寒起舞弄清影何似在人间, 朱阁低绮户照无眠不应有恨何事长向别时圆人有悲欢离合月有阴晴圆缺此事古难全但愿人长久千里共婵娟, 我欲乘风归去, 恐琼楼玉宇高处不胜寒起舞弄清影何似在人间, 朱阁低绮户照无眠不应有恨何事长向别时圆, 别时圆人有悲欢离合月有阴晴圆缺此事古难全但愿人长久千里共婵娟",1,1,,439,93,174,168,,